[
{
  "model": "posts.group",
  "pk": 1,
  "fields": {
    "title": "Новости",
    "slug": "novosti",
    "description": "Здесь будут самые свежие новости"
  }
},
{
  "model": "posts.group",
  "pk": 2,
  "fields": {
    "title": "Цветы",
    "slug": "flowers",
    "description": "Здесь описания цветов"
  }
},
{
  "model": "posts.group",
  "pk": 3,
  "fields": {
    "title": "Котики",
    "slug": "cats",
    "description": "Всё о котиках"
  }
},
{
  "model": "posts.post",
  "pk": 1,
  "fields": {
    "title": "Закон «О рекламе»",
    "anons": "Президент Владимир Путин подписал закон о запрете рекламы на ресурсах иностранных агентов, документ размещен на портале публикации правовых актов.",
    "text": "Документ дополняет закон «О рекламе» нормами, согласно которым распространение рекламы на информационных ресурсах иноагентов, как и реклама таких ресурсов не допускается.\r\n\r\nЗаконопроект о запрете рекламы у иноагентов внесли в Госдуму 15 февраля, его авторами стали 395 депутатов, в том числе спикер Вячеслав Володин и руководители фракций. Володин говорил, что запрет коснется любых платформ — как сайтов, так и соцсетей. Глава комитета Госдумы по безопасности Василий Пискарев заявил, что поправки запрещают в рекламных целях размещать гиперссылки на ресурсы иноагентов. Вместе с тем цитировать их с добавлением требуемой маркировки по-прежнему можно.\r\n\r\nМатериал дополняется.\r\n\r\nПодробнее на РБК:\r\nhttps://www.rbc.ru/politics/11/03/2024/65eeed859a7947812e732614?from=copy",
    "pub_date": "2024-03-11T12:13:13.268Z",
    "group": 1,
    "author": 1,
    "image": ""
  }
},
{
  "model": "posts.post",
  "pk": 2,
  "fields": {
    "title": "Ромашки",
    "anons": "Лекарство и красота",
    "text": "Очень полезные цветочки",
    "pub_date": "2024-03-17T13:35:56.668Z",
    "group": 2,
    "author": 1,
    "image": ""
  }
},
{
  "model": "posts.post",
  "pk": 5,
  "fields": {
    "title": "Documatic!!!",
    "anons": "Что умеет: писать документацию к коду.",
    "text": "Documatic — это инструмент, который по текстовым запросам пользователей генерирует документацию к коду. Ещё он умеет строить зависимости и отвечать на любые вопросы по вашему коду, например о том, как работают определённые функции.\r\n\r\nЧтобы создавать документацию, нейросеть анализирует комментарии к коду и его структуру. А если необходимо, она может сама описать, как код работает.\r\n\r\nКакие задачи можно решать: автоматически генерировать описания функций, классов, методов и всего прочего.\r\n\r\nЕщё Documatic может улучшить качество уже существующей документации, поскольку он обучен на большой кодовой базе и способен обеспечить более точные и последовательные описания, которые могут оказаться полезными для других разработчиков.\r\n\r\nКак начать пользоваться: перейти на официальный сайт нейросети, залогиниться и следовать инструкциям.",
    "pub_date": "2024-03-18T12:47:45.425Z",
    "group": 1,
    "author": 1,
    "image": "posts/Documatic.png"
  }
},
{
  "model": "posts.post",
  "pk": 7,
  "fields": {
    "title": "Я вижу чудное мгновенье",
    "anons": "",
    "text": "Пердо мной явилась ты, Как мимолётное виденье, Как гений чистой красоты!",
    "pub_date": "2024-03-22T13:29:38.337Z",
    "group": null,
    "author": 2,
    "image": ""
  }
},
{
  "model": "posts.post",
  "pk": 8,
  "fields": {
    "title": "Мейн-кун",
    "anons": "Одна из крупнейших пород домашних кошек в мире… «добродушные великаны» – так называют мэнских енотовидных кошек (более известных как мейн-куны).",
    "text": "О происхождении этих животных ходит много легенд, а их размеры часто становятся главной причиной сомнений заводчиков в целесообразности проживания такого животного в доме.\r\n\r\nНо, встретившись с ними однажды тет-а-тет – невозможно не влюбиться! Огромным размерам этих котов соответствует их не менее огромное, во всех смыслах, сердце.\r\n\r\nГенетически в эту породу заложены только два вида расцветки: красная и черная. Именно эти цвета (точнее их пятнистое сочетание друг с другом, которое сегодня называется «черный мрамор») оказались оптимальными для маскировки животных в диких условиях североамериканской природы и считаются естественной расцветкой породы.\r\n\r\nА из-за наличия полосатого хвоста «мэнские коты» были прозваны енотовидными. И хотя к енотам они не имеют никакого отношения (эти полосы, в разной степени, присутствуют у всех особей). В фелинологических кругах такой окрас называется «табби» и у мейн-кунов выделяют три его вида: мраморный, тигровый и пятнистый (прерванные полосы).\r\n\r\n«Солиды», то есть коты с однотонной шерстью, встречаются крайне редко и зачастую это «табби» с очень слабо выраженным рисунком. Также нужно отметить, что белые особи – это животные с отсутствием пигмента в шерсти (альбиносы), а не коты с шерстью белого цвета.\r\n\r\nВсе окрасы, не являющиеся чистой помесью красного и черного, были выведены селекционерами на их основе искусственно.\r\n\r\nИсточник: https://cattish.ru/breed/maine-coon/ © Cattish.ru",
    "pub_date": "2024-04-07T12:54:44.208Z",
    "group": 3,
    "author": 4,
    "image": ""
  }
},
{
  "model": "posts.post",
  "pk": 9,
  "fields": {
    "title": "Шотландская вислоухая",
    "anons": "Данная порода во всем мире именуется как «Scottish Fold», но нам привычней называть их «шотландскими вислоухими».",
    "text": "Характер\r\nЭто необычайно спокойные создания, которые быстро адаптируются в новой обстановке. «Шотландцы» невозмутимы, интеллигентны, послушны и ненавязчивы. Они не станут носиться по дому и лазать по шкафам, а будут держаться ближе к хозяину, устроившись рядышком. Но апатичной эту породу назвать тоже нельзя – поиграть они не откажутся. Пушистый вислоухий комочек с удовольствием будет ловить фантик на ниточке или катать мячик. «Шотландцы» прекрасно уживаются рядом с детьми.\r\n\r\nЕсли вам нужен питомец, который будет послушно лежать у вас на коленях и довольно мурлыкать на руках, то лучше шотландской вислоухой кошки вам не найти – это настоящий релакс! Это очень нежные, ласковые и потрясающе уравновешенные существа, которые не выносят одиночества – идеальный компаньон для тех, кто любит спокойных животных.\r\n\r\n«Шотландцы» способны чувствовать настроение хозяина и всегда оказываются рядом в нужный момент, чтобы поластиться, успокоить и поднять настроение. А если у вас уже есть другие питомцы – не переживайте, шотландские вислоухие легко с ними уживаются.\r\n\r\nИстория\r\nВ результате проведенных исследований выяснилось, что первая вислоухая кошка была привезена из Китая в Европу английским матросом – это произошло в конце XVIII века в 1796 году.\r\n\r\nНо существует и другая версия, которая гласит, что некий шотландский фермер увидел у своего соседа котенка-девочку с опущенными ушками, рожденного обычной дворовой кошкой. Малышку звали Сьюзи, и со временем она окотилась детками с такими же забавными ушками. Одного котенка по кличке Снежок отдали на вязку с британской кошкой – в результате чего на свет появилось несколько малышей с опущенными ушками.\r\n\r\nЗаводчики вплотную занялись разведением вислоухой породы и получили удивительные результаты. Оказалось, что малыши с загнутыми ушками рождаются только путем вязки вислоухих и прямоухих кошек. Если «сводить» только вислоухих – то происходит какая-то мутация и котята рождаются глухими и слепыми. Поэтому генетики тщательно выбирают пары для вязки и разработали специальную программу с «формулой-алгоритмом», которая способствует правильному разведению породы скоттиш-фолд.\r\n\r\nОфициально порода кошек «шотландская вислоухая» была зарегистрирована только в конце 60-х годов XX века.\r\n\r\nИсточник: https://cattish.ru/breed/scottish-fold/ © Cattish.ru",
    "pub_date": "2024-04-07T12:56:48.929Z",
    "group": 3,
    "author": 4,
    "image": ""
  }
},
{
  "model": "posts.post",
  "pk": 10,
  "fields": {
    "title": "Британские короткошерстные",
    "anons": "«Британцы» узнаваемы по крупному приземистому телосложению и мягкой плюшевой шерстке. Они растут до четырех лет и достигают веса ≈6±2 килограмм (хотя внешне выглядят намного массивнее и тяжелее).",
    "text": "Эта порода не отличается грациозностью и практически не умеет лазать по деревьям, зато у нее чуткий слух и поразительные способности в отлове мышей и даже крыс.\r\n\r\nСредняя продолжительность жизни британских короткошерстных котов – 12-15 лет (но среди них чаще, чем среди котов других пород, встречаются долгожители, достигающие возраста 20 лет).\r\n\r\nТелосложение у «британцев» мускулистое, спина широкая, торс крепкий. Если смотреть на кота сверху – может показаться, что у него полностью отсутствует шея, а туловище вместе с головой образует широкий прямоугольник.\r\nВ целом, относительно домашних кошек, это животные среднего размера (рост в холке взрослого питомца достигает 28-33 см, вес здорового кота колеблется в диапазоне 6-9 кг, а кошки – 4-6 кг).\r\n\r\nГолова большая, круглая, с большими щеками, из-за которых британских котеек называют единственной улыбающейся породой котов. Характерной чертой британцев является толстая складка вокруг головы, напоминающая барский ворот и придающая животным особой импозантности. Нос у британцев широкий, прямой и короткий. Уши небольшие, широко расставленные, низко посаженные, прямые и слегка закругленные. Глаза, как и уши, расставлены широко, обязательно круглые и очень большие, от желтого до насыщенно-оранжевого оттенка, хотя встречаются и иные варианты расцветки.\r\n\r\nХвост у котов британской породы не длинный, средней толщины, с круглым концом.\r\n\r\nЛапы «британцев» короткие, массивные, сильные, слегка закругленные. Фаланги плотные и сбитые, подушечки аккуратно очерченной правильной формы черного или розового цвета, когти сильно изогнутые и острые.\r\n\r\nШерсть у британских короткошерстных котов хоть и короткая, но очень пушистая и густая, поэтому они так похожи на плюшевые игрушки. И это – самая главная отличительная черта породы.\r\n\r\nИсточник: https://cattish.ru/breed/british-shorthair/ © Cattish.ru",
    "pub_date": "2024-04-07T12:58:36.725Z",
    "group": 3,
    "author": 4,
    "image": ""
  }
},
{
  "model": "posts.post",
  "pk": 11,
  "fields": {
    "title": "Бенгальская кошка",
    "anons": "«Домашние леопарды» – именно так люди называют кошек бенгальской породы, которые сочетают в себе покладистый характер домашних питомцев и эффектную внешность диких хищников…",
    "text": "Как правило, самцы бенгальской породы достигают зрелости к возрасту 6-7 месяцев, у кошек же это процесс занимает чуть больше времени – 7-9 месяцев. Однако окончательно такие питомцы взрослеют и перестают расти примерно к двухгодовалому возрасту.\r\n\r\nСтоит отметить, что после рождения котята растут невероятно быстро, а уже к концу первой недели они увеличиваются в размерах примерно в два раза.\r\n\r\nРазмер и вес\r\nВзрослые бенгалы обладают действительно внушительными габаритами: общая длина их тела может достигать 90 см, а высота в холке – 40-41 см.\r\nПри этом коты всегда крупнее кошек: если первые обычно весят 7-9 кг, то вторые – 4.5-6 кг.\r\n\r\nСтандарт породы\r\n«Домашние леопарды» имеют удлиненное туловище с хорошо развитой мускулатурой, крепкими конечностями (при этом задние ноги немного длиннее передних) и хвостом средней длины с округлым черным кончиком.\r\n\r\nГолова у бенгалов – массивная, клиновидной формы (в длину она чуть больше, нежели в ширину), с мощной и широкой мордашкой. Такие животные обладают ушами округлой формы (от небольшого до среднего размера), расположенными высоко и немного наклоненными вперед, на которых обязательно присутствуют пятна «дикого» окраса. Подбородок у них – массивный, нос – большой и изогнутый, а щеки – пухлые, с заметными подушечками под усы. Большие глаза бенгальских кошек отличаются миндалевидной формой, при этом они могут быть практически любого цвета, кроме голубого (за исключением снежных бенгалов, глаза которых выделяются чистым голубым оттенком).\r\nИсточник: https://cattish.ru/breed/bengal/ © Cattish.ru",
    "pub_date": "2024-04-07T13:00:13.477Z",
    "group": 3,
    "author": 4,
    "image": ""
  }
},
{
  "model": "posts.post",
  "pk": 12,
  "fields": {
    "title": "Сиамская кошка",
    "anons": "Аристократы во всех отношениях…",
    "text": "Сиамская кошка всегда выделялась на фоне своих сородичей грациозностью, величественным характером и некой миниатюрностью – эдакие аристократы во всех отношениях… Не зря они всегда были королевскими любимчикам, а в древнем Сиаме и вовсе продолжительное время являлись священными животными, отчего и жили исключительно во дворцах королевских семей или при храмах…\r\n\r\nВообще, аристократизм у сиамских кошек проявляется во всем, начиная от утонченного телосложения и заканчивая строгой избирательностью в общении. И что интересно, сиамы  – единственная порода, сохранившая свои восточные корни в первозданном виде, поскольку они никогда не скрещивались с «европейцами».\r\n\r\nСтандарт породы\r\nШерсть у сиамов – плотная, короткая и блестящая, практически полностью лишенная подшерстка (что, к слову, позволяет этим кошкам уживаться даже с аллергиками).\r\n\r\nГолова у сиамов небольшая, удлиненной формы, с узкой мордочкой и сильным подбородком. На ней располагаются миндалевидные глаза ярко-голубого цвета, а также большие уши треугольной формы. Конечности у кошек данной породы длинные и стройные (при этом задние ноги чуточку длиннее), с аккуратными овальными пальцами, а хвост – длинный и вытянутый, слегка сужающийся к концу (у чистокровных представителей породы – еще и без каких-либо пятнышек).\r\n\r\nИсточник: https://cattish.ru/breed/siamese/ © Cattish.ru",
    "pub_date": "2024-04-07T13:01:36.742Z",
    "group": 3,
    "author": 4,
    "image": ""
  }
},
{
  "model": "posts.post",
  "pk": 13,
  "fields": {
    "title": "Абиссинская кошка",
    "anons": "Среди множества различных пород кошек есть одна, наделенная невероятным изяществом и грацией – это абиссинские кошки – существа умные, гибкие и ловкие. В них присутствует некая доля загадочности и аристократической утонченности.",
    "text": "«Абиссинки» уникальны, они настолько самобытны, что спутать их с другими нереально:\r\n\r\nТелосложение. Тонкое и изящное, но достаточно мускулистое. Вес небольшой – 4~5 кг (самки миниатюрнее самцов). Тело отличается необычной (даже для кошек) гибкостью.\r\nГолова. Клиновидной формы с очень большими ушами. Шея длинная. Огромные миндалевидные глаза, как будто подведенные тушью, янтарного и зеленого цвета.\r\nХвост. Длинный и грациозный, у основания толще, к кончику сужается. Окрас не отличается от окраса основной «шубки», хотя немного пушистей остальной шерсти.\r\nКонечности. Удлиненные, с очень аккуратными лапками. «Абиссинцы» ходят очень осторожно – наступая не всеми лапками, а только пальцами, как будто на цыпочках.\r\nШерсть. Средней длины, немного густая, жесткая и блестящая. Цвет уникальный: каждая шерстинка окрашена в несколько оттенков, что присуще только этой породе.\r\n\r\nЧто интересно: абиссинские кошки рожают не больше трех котят в одном помете, причем чаще рождаются мальчики. Котята медленно развиваются и долго остаются «детьми».\r\n\r\nХарактер\r\nВладельцы «абиссинцев» утверждают, что эта порода наделена только положительными качествами – представляя собой идеал домашнего питомца.\r\nЭто отличные компаньоны, которые дружелюбно настроены ко всем: и к людям, и к другим животным. Они очень преданны и постоянно находятся рядом с хозяином. Если вы завели себе «абиссинку», то будьте готовы к тому, что она будет с вами «читать», смотреть телевизор и сидеть возле компьютера. Но если вы живете один и вас подолгу не бывает дома, то эту породу лучше не заводить – «абиссинцы» очень не любят одиночества, им всегда нужна компания.\r\n\r\nПри своем внешнем спокойствии, представители этой породы отличаются любопытством, они не успокоятся, пока не обследуют каждый уголок в доме. И всё, что вы принесете в дом, обязательно будет тщательно обнюхано. Не удивляйтесь, если регулярно будете находить своего питомца то на шкафе, то на полке, то на холодильнике – «абиссинцы» обожают высоту. Но на коленях они сидеть не любят, предпочитая просто находиться рядом.\r\n\r\nНесомненный плюс этой породы – интеллект. Они сразу запоминают – где миска, туалет и когтеточка, прекрасно ладят с детьми и абсолютно не склонны к агрессии.\r\n\r\nЗдоровье, кормление и уход\r\nАбиссинская кошка не привередлива в уходе, её шерсть этого требует лишь раз в неделю (причем даже не специальной пуходеркой, а обычной металлической расческой). В идеале на расческу нужно намотать шелковую ткань – так вы сможете «полировать» шерсть и она всегда будет блестеть.\r\n\r\nК воде «абиссинцы» относятся нейтрально, многие её даже любят, поэтому с купанием проблем не возникнет. Но увлекаться водными процедурами не стоит, это рекомендуется делать во время линьки. И не забывать потирать глазки увлажненной в воде ваткой и чистить уши с помощью ватных палочек, смоченных в специальном лосьоне.\r\n\r\nУчтите, что «абиссинка» не станет кушать всё подряд, в еде она капризна. Один и тот же корм она есть не будет, этой породе необходима постоянная смена рациона. Сегодня ей нужен сухой корм, завтра – влажный (консервы), послезавтра – домашняя еда т.д. Лучше всего проконсультироваться с ветеринаром, но главное помните, что на этой породе нельзя экономить – дешевые корма из супермаркета негативно скажутся на здоровье кошки. Кроме этого, в меню питомца должны входить каши, немного рыбы, обязательно мясо (кроме свинины), яйца и овощи. И вода в широкой чашке (чтобы кошка не касалась ее усами).\r\n\r\nИсточник: https://cattish.ru/breed/abyssinian/ © Cattish.ru",
    "pub_date": "2024-04-07T13:03:29.771Z",
    "group": 3,
    "author": 4,
    "image": ""
  }
},
{
  "model": "posts.post",
  "pk": 14,
  "fields": {
    "title": "Русская голубая",
    "anons": "Русские голубые кошки – это «настоящие дворянки»… грациозные и загадочные создания, радующие своих владельцев особым очарованием и послушным нравом.",
    "text": "Эта порода выделяется среди остальных серебристо-голубым окрасом и пронзительно-зеленым цветом глаз.\r\nКакие отличия у представителей русских голубых кошек, кроме изумительного окраса?\r\n\r\nТелосложение. Корпус средних (иногда крупных) размеров. Тело аккуратное и немного вытянутое. Русским голубым кошкам присуща гибкость и грация.\r\nГолова. Клинообразной формы, с мощным подбородком и большими широкими ушами. Широко посаженные выразительные глаза и длинная прямая шея.\r\nХвост. Достаточно длинных размеров с заостренным кончиком, по оттенку и плотности шерсти ничем не отличается от всего остального серебристого окраса.\r\nКонечности. Длинные и утонченные, с круглыми или овальными лапками. Обладая пластикой пантеры, русские голубые кошки ступают очень мягко и грациозно.\r\nШерсть. «Шубка» у этой породы короткая и плотная, но необычайно мягкая, как плюшевая. Окрас – глубокий голубой, почти синий, с серебристым отливом.\r\nЦвет глаз у русских голубых кошек бывает только зеленый, но с бездной вариантов, от светлого нежно-салатового оттенка до насыщенного темно-изумрудного цвета.\r\n\r\nХарактер\r\nОтличительные особенности характера этой породы – спокойствие и дружелюбие, но, в тоже время, врожденная осторожность. Русские голубые кошки не любят посторонних, и подружатся с ними только после продолжительного общения. Это преданные животные, любящие своих хозяев, но могут комфортно чувствовать себя и в одиночестве. Они не нуждаются в постоянной заботе и всегда найдут себе занятие, даже если дома весь день никого нет. Прекрасно ладят с детьми и другими домашними питомцами. Также русские голубые очень игривы и любопытны, могут часами изучать фантик и забавляться с ним.\r\n\r\nЧто еще отличает данную породу, так это очень тонкий голосок – настолько, что порой его можно не расслышать. Русские голубые кошки маниакально чистоплотны, много времени уделяют чистоте своей «шубки», а также не терпят грязных мисок – могут даже отказаться от еды, если их мисочка не вымыта.\r\n\r\nЧто интересно: самцы никогда не метят территорию в период половой зрелости, поэтому характерного запаха в квартире не бывает.\r\n\r\nЕще один плюсик в «копилку» этой породы – отсутствие линьки, их шерсть не вызывает аллергии.\r\n\r\nРусские голубые кошки любят комфорт, чаще всего предпочитая спать на мягких вещах.\r\nИсточник: https://cattish.ru/breed/russian-blue/ © Cattish.ru",
    "pub_date": "2024-04-07T13:05:08.691Z",
    "group": 3,
    "author": 4,
    "image": ""
  }
},
{
  "model": "posts.post",
  "pk": 15,
  "fields": {
    "title": "Сибирская кошка",
    "anons": "Их выразительные глаза, шикарная шелковистая «шубка» и дружелюбный характер – давно завоевали сердца многих любителей кошек…",
    "text": "Чтобы отличать эту породу от других, нужно обратить внимание на такие особенности:\r\n\r\nТелосложение. Пропорциональное, средней длины, но очень крепкое и мускулистое. Костяк мощный, животик твердый, шея коротковатая, но достаточно массивная.\r\nГолова. Крупных размеров, округлая и трапециевидная, ушки широко расставлены и с закругленными кончиками. Глаза овальные, могут быть зеленого и желтого цвета.\r\nХвост. Роскошный, необычайно пушистый, широкий и длинный, покрытый очень густой шерстью, цвет которой не отличается от остального окраса «шубки».\r\nКонечности. Достаточно сильные и мощные, не очень длинные, с аккуратными овальными лапками. Между подушечками пальцев густо растет шерсть.\r\nШерсть. Средней длины, обладает водоотталкивающими свойствами. Цвет может быть разным: от очень светлого до очень темного. Шелковистая на ощупь.\r\n\r\nЭта порода при своем среднем телосложении достаточно крупная – вес взрослых самцов может достигать 12 кг, самки поменьше – до 7 кг. Но набирают вес они только к пяти годам.\r\n\r\nХарактер\r\nСибирские кошки обладают сильным характером, что не мешает им быть очень ласковыми со своими хозяевами. Они абсолютно лишены агрессии, отличаясь завидным терпением. Детей они обожают и с удовольствием с ними играют. Прекрасно контактируют с другими животными в доме и настороженно относятся к незнакомым людям, но и к ним быстро привыкают.\r\n\r\n«Сибиряки» – деликатные и сдержанные животные, они не станут ходить за хозяином по пятам и выпрашивать ласку. Но если почувствуют, что в них нуждаются, тут же возникнут из «ниоткуда» и постараются сделать всё, чтобы поднять вам настроение.\r\n\r\nЭта порода обладает отличными охотничьими инстинктами, благодаря чему могут выжить в любых условиях. Они практически лишены чувства страха, не боятся даже собак, а свой дом охраняют как заядлые собственники.\r\n\r\nОчень умные, у них прекрасная память, и где туалет – они понимают сразу. Быстро запоминают свое имя и мало «болтают» (разве что иногда напоминают о себе мяуканьем, когда, например, вы забыли положить в миску еды).\r\n\r\nОчень любят находиться рядом со своим хозяином, но если его долго нет – могут побыть и в одиночестве. Они невероятно преданные, хотя не очень-то любят это демонстрировать.\r\n\r\nИсточник: https://cattish.ru/breed/siberian-cat/ © Cattish.ru",
    "pub_date": "2024-04-07T13:06:40.024Z",
    "group": 3,
    "author": 4,
    "image": ""
  }
},
{
  "model": "posts.post",
  "pk": 16,
  "fields": {
    "title": "Короткошерстный ориентал",
    "anons": "Помните Чебурашку из мультфильма? Если забыли, то при первом взгляде на ориентальную кошку – на память придет это существо: огромные уши и большие глаза",
    "text": "По фигуре ориентальную кошку можно сравнить с фотомоделью – стройное, хорошо сформированное тело, длинные лапы. Мышцы не создают впечатление массивности, они компактны, но очень хорошо развиты.\r\n\r\nПопробуете удержать зверька, если он не хочет находиться у вас на руках – несколько ловких движений и вот животное уже выскользнуло из вашего, казалось бы крепкого, захвата.\r\n\r\nШерсть обычной ориентальной кошки имеет небольшую длину (длинношерстные экземпляры выделены в отдельную породу и участвуют в конкурсах по другим стандартам). Допускаются разные окраски шубки, от голубой до эбонитовой. Возможно сочетание расцветок, различные узоры: полоски, пятна.\r\n\r\nСамая примечательная черта внешности, как уже было отмечено – уши. Они должны быть не просто большими, а «непропорционально огромными».\r\n\r\nКрупные миндалевидные глаза – дополняют сходство с мультяшным персонажем.\r\n\r\nВолоски кошек ориентальной породы не вызывают аллергии, поэтому завести ее могут и астматики, и люди с негативной реакцией на шерсть. Не забывайте, что кошки – прекрасные «экстрасенсы», фелинотерапия используется для лечения многих болезней (у восточных пород эта способность развита еще сильнее). Заведите себе ориентальную кошку – она разделит радость хозяев, утешит в горе, поможет при недугах.\r\n\r\nХарактер\r\nОриентальные кошки очень умны: Вы быстро приучите их к лотку, а после нескольких замечаний животные поймут запрет залезать на стол или рвать обои. Эту особенность можно использовать чтобы обучить животное несложным трюкам (но не забывайте, что даже самая послушная кошка не станет выполнять команды, если сама этого не захочет: если Вашей любимице интересно приносить тапочки – разработайте этот номер; не хочет даже смотреть на обувь – займитесь чем-то другим).\r\n\r\nОриентальные кошки терпеливы, но сильную обиду могут запомнить надолго. Не бейте животное за нехороший поступок. Серьезным наказанием для него станет ваше огорчение и недовольный тон речи. Умный питомец не захочет в следующий раз ссориться с любимым хозяином, и прекратит безобразничать.\r\n\r\nОриенталы очень любят своих хозяев, ценят внимание с их стороны, обожают общаться. Перед тем как завести питомца восточной породы – очень хорошо подумайте: взрослое животное нельзя отдавать другим людям, разлука с хозяевами для него невыносима. Такую кошку можно приравнять к члену семьи – не выгоните же вы из дома сына за то, что он не моет за собой посуду и разбрасывает по полу грязные носки (завели ориентала – терпите все связанные с ним неудобства).\r\n\r\nИсточник: https://cattish.ru/breed/oriental-shorthair/ © Cattish.ru",
    "pub_date": "2024-04-07T13:08:20.691Z",
    "group": 3,
    "author": 4,
    "image": ""
  }
},
{
  "model": "posts.post",
  "pk": 17,
  "fields": {
    "title": "Невская маскарадная",
    "anons": "Официальное название породы «невская маскарадная» – сибирский колор-пойнт.",
    "text": "Порода была признана в 1992 году (хотя до сих пор ведутся споры, является ли она самостоятельной или же это просто разновидность окраса «сибирячек»).\r\n\r\nИстория происхождения этой породы начинается во времена освоения Сибири – когда домашние любимицы русских землепроходцев «подружились» с местными лесными котами: так возникла сибирская порода кошек, представители и представительницы которой отличаются крупными размерами и густой пушистой шерстью.\r\n\r\nСкрестить, в свою очередь, «сибирячек» с тайскими колор-пойнтами решились в конце 90-х годов ХХ столетия в питомнике «Котофей» (в Санкт-Петербурге, под руководством Ольги Мироновой). В результате селекции пушистые красавицы получили характерный «сиамский» окрас (который, кстати, так принято называть только у нас, хотя колор-пойнтовые расцветки присущи многим породам) и небесного цвета глаза. И именно окрас стал главным аргументом в возведении невской маскарадной в ранг самостоятельной породы после презентации на выставке в 1988 году. Причина проста: без поддержании чистоты окраса во время разведения, «сиамская» расцветка легко может сойти на нет и вернуться к своим традиционным сибирским вариациям.\r\n\r\nНа официальное признание породы у заводчиков ушло четыре года.\r\n\r\n«Невской» назвать породу решили в честь Города на Неве, в котором произошло первое публичное знакомство с её представителями на выставке, а «маскарадной» – из-за характерной нарядной «маски» на мордочке, так романтично совпавшей со славой Петербурга как Северной Венеции и популярностью его маскарадов.\r\n\r\nВнешность\r\nЭта порода считается одной из самых крупных среди домашних кошек и уступает в своих размерах, разве что, мейн-кунам.\r\nВзрослые самцы могут достигать веса 10-12 кг, хотя средний вес представителя этой породы колеблется на отметках 8-10 кг. Самочки заметно меньше самцов по размерам, их вес 5-6 кг.\r\n\r\nПродолжительность жизни «невочек», при правильном уходе – 15-18 лет.",
    "pub_date": "2024-04-07T13:09:46.532Z",
    "group": 3,
    "author": 4,
    "image": ""
  }
},
{
  "model": "posts.post",
  "pk": 18,
  "fields": {
    "title": "Саванна",
    "anons": "Саванна – совершенно удивительная порода кошек, похожая на, небольших размеров, гепардов.",
    "text": "Это, пожалуй, самая дорогая порода в мире, и причина этому прозаична – уникальные внешние данные и крайне малая численность (на сегодняшний день таких кошек в мире всего около тысячи).\r\n\r\nДа, вот уж кого Вы точно ни с кем не спутаете, так это «саванну». Судите сами:\r\n\r\nТелосложение. Мощное и атлетическое, с широкой грудью и сильными плечами. В высоту достигает 60 см, в длину 135 см, а вес до 7 кг (у самки) или до 15 кг (у самца).\r\nГолова. Треугольной формы, небольшая и изящная. Уши большие и вытянутые, глаза миндалевидные и чуть изогнутые, их цвет от окраса животного не зависит.\r\nХвост. Для такой породы достаточно короткий, до пола не достает. У основания немного широкий, но сужается к кончику. Окрас всегда ярче остальной шерсти.\r\nКонечности. Стройные и очень длинные, задние конечности длиннее передних. Лапы овальной формы, но не крупные, подушечки пальцев миниатюрные.\r\nШерсть. Короткая и грубоватая, но густая и всегда с пятнистым окрасом. «Шубка» саванны может быть бурого, золотистого, шоколадного и серебристого окраса.\r\n\r\nПредставители это породы взрослеют поздно, до трех лет они еще считаются котятами. Продолжительность жизни саванн, как для кошек, достаточно долгая – до 20 лет.\r\n\r\nХарактер\r\nПоскольку эта порода свободолюбива и необычайно прыгуча, то для содержания в квартирах она не подходит, эти кошки больше для частных домов и дачных участков.\r\n\r\nСаванны быстро привыкают к людям, они игривы и любознательны, обладают весьма легким и миролюбивым характером. Очень привязываются к своему хозяину, поэтому их нельзя оставлять другим людям (например, на время отпуска) – саванна будет тосковать и даже может сбежать.\r\n\r\nТакже нужно иметь в виду, что эта порода, хоть и быстро приучается к лотку, но любит метить свою территорию – оставляя в доме свой специфический запах.\r\n\r\nСаванны любят детей и с удовольствием с ними играют, а вот с другими животными дела обстоят сложнее. Если она с малых лет воспитывается со щенком, то они подружатся, но если принести в дом собаку, когда саванна уже достаточно взрослая – могут возникнуть проблемы.\r\n\r\nПредставители этой породы очень умны, они отлично поддаются дрессировке, понимая такие команды как «сидеть», «лежать», «апорт» и т.д.\r\n\r\nВ доме саванна чувствует себя лидером, и хотя любит всех членов семьи, но «особое отношение» у нее будет только к одному человеку… Тем не менее, в целом это очень ласковая и добродушная порода, которая очень любит людей.\r\n\r\nИсточник: https://cattish.ru/breed/savannah/ © Cattish.ru",
    "pub_date": "2024-04-07T13:11:21.323Z",
    "group": 3,
    "author": 4,
    "image": ""
  }
},
{
  "model": "posts.post",
  "pk": 19,
  "fields": {
    "title": "Fig",
    "anons": "Что умеет: генерировать команды терминала по текстовому описанию.",
    "text": "Fig — это инструмент, который помогает программистам ускорить процесс написания кода. Работает он следующим образом: когда вы начинаете печатать код, Fig анализирует уже написанный код и предлагает подходящие варианты завершения строки.\r\n\r\nНейросеть обучили на миллионах строк кода, поэтому она знает огромное количество шаблонов функций и методов. Это полезно для новичков, которые ещё не знают всех доступных функций в языках программирования и сложившихся паттернов разработки.\r\n\r\nВстроить нейросеть можно в терминалы Bash, Zsh и Fish. Кроме того, Fig может работать с некоторыми популярными языками программирования — например, Python, JavaScript, TypeScript, PHP и Ruby.\r\n\r\nКакие задачи можно решать: сокращать число команд, которые вы вводите вручную.\r\n\r\nЕщё Fig снижает количество ошибок в коде, выдавая рекомендации на основе уже существующего кода. Это особенно полезно, когда вы работаете с большими проектами, где простая ошибка может привести к критическим проблемам.\r\n\r\n\r\n\r\n«Fig сокращает число операций, которые совершает программист. Инструмент предоставляет удобный интерфейс, в котором можно выбирать нужные пути до файлов, быстро дописывать команды в терминале и в целом ускорять свою работу».\r\n\r\nАРИНА ПУЧКОВА,\r\nдата-сайентист, автор телеграм-канала «я обучала одну модель»\r\n\r\nКак начать пользоваться: скачать бесплатную версию с официального сайта и интегрировать нейросеть в свой терминал.",
    "pub_date": "2024-04-21T11:03:04.364Z",
    "group": 1,
    "author": 1,
    "image": "posts/Fig.png"
  }
},
{
  "model": "posts.post",
  "pk": 20,
  "fields": {
    "title": "ChatGPT",
    "anons": "Что умеет: делает за программиста практически всё — например, пишет приложения с нуля, находит информацию в интернете и объясняет сложные вещи простыми словами.",
    "text": "ChatGPT — это один из самых полезных инструментов для программистов. Нейросеть представляет собой чат-бота на основе ИИ. Она умеет писать код и объяснять, как работают его отдельные части. А ещё ChatGPT помогает находить ошибки в коде и, например, генерировать документацию.\r\n\r\nВозможности ChatGPT ограничиваются только вашим воображением. Вы можете попросить её написать нейросеть, которая будет отличать кошек от собак. А можете попросить объяснить вам, как работает та или иная функция в Python. И всё это на русском языке!\r\n\r\nМы, например, попросили ChatGPT рассказать простым языком, как работают нейросети:\r\nОдна из важных особенностей ChatGPT — что она запоминает всё, о чём вы общались. И дальнейшие ответы генерирует, учитывая весь ваш диалог и его контекст.\r\n\r\nКакие задачи можно решать: от написания простых функций до решения задач по программированию. ChatGPT может сделать практически всё, чем занимается джун.\r\n\r\n\r\n\r\n«Я много использовала ChatGPT для задач в data science — например, размечала с помощью неё данные. Обращалась к ней, когда нужно было разобраться со сложными алгоритмами, и иногда просила объяснить, как работает какая-нибудь функция из неизвестного для меня фреймворка. А ещё просила переписать скрипт с C++ на Python».\r\n\r\nАРИНА ПУЧКОВА,\r\nдата-сайентист, автор телеграм-канала «я обучала одну модель»\r\n\r\nКак начать пользоваться: зарегистрировать аккаунт в OpenAI и получить доступ к чат-боту.",
    "pub_date": "2024-04-21T11:31:54.171Z",
    "group": 1,
    "author": 1,
    "image": "posts/ChatGPT.png"
  }
},
{
  "model": "posts.post",
  "pk": 21,
  "fields": {
    "title": "Tabnine",
    "anons": "Что умеет: дописывает код за разработчика, обучаясь на его старом коде.",
    "text": "Tabnine — альтернатива Copilot. Эта сеть умеет подстраиваться под стиль и частые задачи конкретного программиста, чтобы в дальнейшем писать код, похожий на то, что человек написал бы сам. Для этого нейросеть постоянно анализирует, как вы объявляете переменные, описываете методы и тому подобное.\r\n\r\nЕщё нейросеть способна упростить жизнь разработчикам, которые применяют несколько языков программирования: она помогает быстро переключаться между ними и предлагает рекомендации для каждого из них.\r\n\r\nTabnine можно встроить в популярные среды разработки. Вот список поддерживаемых IDE и редакторов кода с официального сайта проекта:\r\n\r\nКакие задачи можно решать: те же, что и при помощи Copilot. Например:\r\n\r\nдополнять код и учитывать стиль разработчика;\r\nгенерировать код — создавать фрагменты кода и целые функции по текстовому описанию;\r\nисправлять синтаксис, чтобы не приходилось тратить время на поиск ошибок;\r\nрефакторить код — делать проект более аккуратным и структурированным;\r\nоптимизировать код — убирать лишние переменные и улучшать алгоритмы.\r\nИ конечно, Tabnine тоже можно использовать как инструмент для изучения новых языков программирования и фреймворков.\r\n\r\n\r\n«В основном я использую Tabnine для дополнения кода. Обычно нейросеть даёт очень хорошие советы — например, предлагает имена недавно объявленных переменных, чтобы не прописывать их руками, а также показывает, какие операции можно с ними совершить.\r\n\r\nБесплатная версия не может сама написать большой кусок кода и иногда совершает ошибки. Поэтому бесплатно нейросеть можно использовать просто как инструмент, который автоматизирует несложные операции».\r\n\r\nАРИНА ПУЧКОВА,\r\nдата-сайентист, автор телеграм-канала «я обучала одну модель»\r\n\r\nКак начать пользоваться: установить нейросеть себе прямо в IDE по инструкции на официальном сайте.",
    "pub_date": "2024-04-21T12:44:08.626Z",
    "group": 1,
    "author": 1,
    "image": "posts/Tabnine.png"
  }
},
{
  "model": "posts.post",
  "pk": 22,
  "fields": {
    "title": "Copilot",
    "anons": "Что умеет: писать код по текстовому описанию на всех популярных языках программирования, переводить код с одного языка программирования на другой, предлагать автодополнение больших фрагментов кода: генерировать готовые методы и тому подобное.",
    "text": "Copilot — это одна из первых нейросетей, которая позарилась на работу программистов. Она использует модель OpenAI Codex, обученную на миллиарде строк кода, чтобы с нуля создавать целые функции и даже готовые алгоритмы в режиме реального времени.\r\n\r\nУ нейросети есть плагины для популярных сред разработки: Visual Studio Code, Visual Studio, Neovim и IDE от JetBrains. Выглядеть её работа может так: мы написали имя класса, а Copilot предложил для него готовый метод.\r\n\r\nЕдинственная проблема — стоимость подписки 10 долларов в месяц. Однако взамен вы получите удобный инструмент для ускорения работы с кодом.\r\n\r\nКакие задачи можно решать: практически все, которые связаны с программированием.\r\n\r\nВот несколько примеров того, что Copilot умеет делать:\r\n\r\nдополнение кода — помогает разработчикам дописывать блоки кода за них, учитывая контекст программы;\r\nгенерация кода — может генерировать фрагменты кода или создавать целые функции по текстовым описаниям;\r\nрефакторинг — предлагает варианты, как улучшить структуру кода;\r\nоптимизация кода — знает, как, например, заменить циклы на встроенные функции;\r\nисправление багов — умеет проводить диагностику и предлагать способы исправления ошибок.\r\nЕщё Copilot можно использовать при изучении новых языков программирования. Делается это просто: выбираете язык и просите нейросеть показать пример кода, а затем пишете его самостоятельно, чтобы закрепить знания.\r\n\r\n\r\n\r\n«Copilot может генерировать большие участки кода по текстовому описанию. Я использовала его, когда нужно было, например, написать код для соединения разных сервисов с СУБД (MongoDB и Redis). До этого мне не приходилось работать с ними, поэтому нейросеть писала всё сама. И хотя функции нужно было написать довольно базовые, радует то, что не пришлось долго изучать документацию и тратить на это время».\r\n\r\nАРИНА ПУЧКОВА,\r\nдата-сайентист, автор телеграм-канала «я обучала одну модель»\r\n\r\nКак начать пользоваться: перейти на официальный сайт и оформить пробный период, чтобы протестировать все возможности нейросети.",
    "pub_date": "2024-04-22T14:41:40.168Z",
    "group": 1,
    "author": 1,
    "image": "posts/Copilot.png"
  }
},
{
  "model": "posts.post",
  "pk": 23,
  "fields": {
    "title": "Как активировать «Режим Бога» в Windows.",
    "anons": "Перейдём к практике",
    "text": "Способ 1. Через папку на рабочем столе\r\nЩелкните правой кнопкой мыши на рабочем столе и выберите «Создать папку».\r\n\r\nНазовите папку GodMode.{ED7BA470-8E54-465E-825C-99712043E01C}. Вместо «GodMode»  может быть любое слово, главное - полностью вставить код.\r\n\r\nЗначок папки превратится в мини «Панель управления», а весь доступный функционал с поиском нужных файлов будет перед вами. Готово!\r\n\r\nСпособ 2. Через ярлык в «Панели управления»\r\nСоздайте текстовый файл с расширением .reg и вставьте в него следующий код:\r\nWindows Registry Editor Version 5.00\r\n[HKEY_LOCAL_MACHINE\\SOFTWARE\\Classes\\CLSID\\{D15ED2E1-C75B-443c-BD7C-FC03B2F08C17}]\r\n@=\"Режим бога\"\r\n\"InfoTip\"=\"Все элементы\"\r\n\"System.ControlPanel.Category\"=\"5\"[HKEY_LOCAL_MACHINE\\SOFTWARE\\Classes\\CLSID\\{D15ED2E1-C75B-443c-BD7C-FC03B2F08C17}\\DefaultIcon]\r\n@=\"%SystemRoot%\\\\System32\\\\imageres.dll,-27\"\r\n[HKEY_LOCAL_MACHINE\\SOFTWARE\\Classes\\CLSID\\{D15ED2E1-C75B-443c-BD7C-FC03B2F08C17}\\Shell\\Open\\Command]\r\n@=\"explorer.exe shell:::{ED7BA470-8E54-465E-825C-99712043E01C}\"\r\n[HKEY_LOCAL_MACHINE\\SOFTWARE\\Microsoft\\Windows\\CurrentVersion\\Explorer\\ControlPanel\\NameSpace\\{D15ED2E1-C75B-443c-BD7C-FC03B2F08C17}]\r\n@=\"Режим бога\"\r\n\r\nСохраните файл и запустите его от имени администратора.\r\n\r\nНажмите «Да» и подтвердите внесение изменений в реестр Windows. Сразу после в панели управления Windows появится ярлык «Режим Бога». Готово!",
    "pub_date": "2024-04-22T14:42:54.350Z",
    "group": 1,
    "author": 1,
    "image": "posts/режим_Бога.jpg"
  }
},
{
  "model": "posts.post",
  "pk": 24,
  "fields": {
    "title": "Мисс СССР и Москвы",
    "anons": "Что стало с победительницами первых конкурсов красоты?",
    "text": "Конкурсы среди русских красавиц проводили достаточно давно — правда, не в нашей стране, а среди эмигрантского сообщества в довоенные годы. В жюри \"Мисс Россия\" входили Иван Бунин, Сергей Лифарь и Александр Бенуа, а в числе победительниц однажды была даже дочь Шаляпина — Марина.\r\n\r\nПервое официальное состязание в Советском Союзе состоялось в 88-м — под названием \"Московская красавица\". Победила 16-летняя Маша Калинина. Три ее главных конкурентки в финале не прошли по весьма сомнительным параметрам. У Оксаны Фандеры (ныне известной актрисы) не было столичной прописки. Ирина Суворова оказалась замужем и с ребенком — ей дали титул \"миссис Москва\". Ну а у Елены Дурневой не получилось поменять неблагозвучную фамилию в короткий срок.\r\n\r\nМаша, завоевав заветный титул, работала фотомоделью для журнала Burda Moden. А затем уехала в Америку, где вышла замуж. Пыталась сниматься в кино, но в итоге сосредоточилась на здоровом образе жизни и теперь работает тренером по йоге.",
    "pub_date": "2024-05-22T11:10:30.117Z",
    "group": 1,
    "author": 1,
    "image": "posts/Мария_Калинина_в_центре_-_победительница_первого_конкурса_красоты_1988_года.jpg"
  }
},
{
  "model": "posts.post",
  "pk": 25,
  "fields": {
    "title": "«Режим Бога» в Windows.",
    "anons": "!!!!!",
    "text": "Способ 1. Через папку на рабочем столе\r\nЩелкните правой кнопкой мыши на рабочем столе и выберите «Создать папку».\r\n\r\nНазовите папку GodMode.{ED7BA470-8E54-465E-825C-99712043E01C}. Вместо «GodMode»  может быть любое слово, главное - полностью вставить код.\r\n\r\nЗначок папки превратится в мини «Панель управления», а весь доступный функционал с поиском нужных файлов будет перед вами. Готово!\r\n\r\nСпособ 2. Через ярлык в «Панели управления»\r\nСоздайте текстовый файл с расширением .reg и вставьте в него следующий код:\r\nWindows Registry Editor Version 5.00\r\n[HKEY_LOCAL_MACHINE\\SOFTWARE\\Classes\\CLSID\\{D15ED2E1-C75B-443c-BD7C-FC03B2F08C17}]\r\n@=\"Режим бога\"\r\n\"InfoTip\"=\"Все элементы\"\r\n\"System.ControlPanel.Category\"=\"5\"[HKEY_LOCAL_MACHINE\\SOFTWARE\\Classes\\CLSID\\{D15ED2E1-C75B-443c-BD7C-FC03B2F08C17}\\DefaultIcon]\r\n@=\"%SystemRoot%\\\\System32\\\\imageres.dll,-27\"\r\n[HKEY_LOCAL_MACHINE\\SOFTWARE\\Classes\\CLSID\\{D15ED2E1-C75B-443c-BD7C-FC03B2F08C17}\\Shell\\Open\\Command]\r\n@=\"explorer.exe shell:::{ED7BA470-8E54-465E-825C-99712043E01C}\"\r\n[HKEY_LOCAL_MACHINE\\SOFTWARE\\Microsoft\\Windows\\CurrentVersion\\Explorer\\ControlPanel\\NameSpace\\{D15ED2E1-C75B-443c-BD7C-FC03B2F08C17}]\r\n@=\"Режим бога\"\r\n\r\nСохраните файл и запустите его от имени администратора.\r\n\r\nНажмите «Да» и подтвердите внесение изменений в реестр Windows. Сразу после в панели управления Windows появится ярлык «Режим Бога». Готово!",
    "pub_date": "2024-09-07T09:52:04.251Z",
    "group": 1,
    "author": 1,
    "image": ""
  }
},
{
  "model": "posts.post",
  "pk": 26,
  "fields": {
    "title": "«Режим Бога» в Windows.",
    "anons": "!!!!!",
    "text": "Способ 1. Готово!",
    "pub_date": "2024-09-07T10:44:08.889Z",
    "group": 1,
    "author": 1,
    "image": ""
  }
},
{
  "model": "posts.post",
  "pk": 27,
  "fields": {
    "title": "Documatic!",
    "anons": "Что умеет: писать документацию к коду.",
    "text": "Documatic — это инструмент, который по текстовым запросам пользователей генерирует документацию к коду. Ещё он умеет строить зависимости и отвечать на любые вопросы по вашему коду, например о том, как работают определённые функции.\r\n\r\nЧтобы создавать документацию, нейросеть анализирует комментарии к коду и его структуру. А если необходимо, она может сама описать, как код работает!\r\n\r\nКакие задачи можно решать: автоматически генерировать описания функций, классов, методов и всего прочего.\r\n\r\nЕщё Documatic может улучшить качество уже существующей документации, поскольку он обучен на большой кодовой базе и способен обеспечить более точные и последовательные описания, которые могут оказаться полезными для других разработчиков.\r\n\r\nКак начать пользоваться: перейти на официальный сайт нейросети, залогиниться и следовать инструкциям.",
    "pub_date": "2024-09-17T12:43:07.764Z",
    "group": 1,
    "author": 1,
    "image": ""
  }
},
{
  "model": "posts.post",
  "pk": 28,
  "fields": {
    "title": "«Режим Бога» в Windows.",
    "anons": "",
    "text": "Способ 1.",
    "pub_date": "2024-09-28T10:40:13.022Z",
    "group": null,
    "author": 1,
    "image": ""
  }
},
{
  "model": "posts.comment",
  "pk": 1,
  "fields": {
    "post": 24,
    "author": 1,
    "text": "Люблю конкурсы красоты! Очень позитивное мероприятие!",
    "created": "2024-05-25T14:09:39.966Z"
  }
},
{
  "model": "posts.comment",
  "pk": 2,
  "fields": {
    "post": 24,
    "author": 1,
    "text": "Новый комент - это снова я!",
    "created": "2024-05-27T14:27:25.804Z"
  }
},
{
  "model": "posts.comment",
  "pk": 3,
  "fields": {
    "post": 5,
    "author": 1,
    "text": "thanks API 34",
    "created": "2024-09-20T15:51:44.195Z"
  }
},
{
  "model": "posts.follow",
  "pk": 4,
  "fields": {
    "user": 1,
    "author": 3
  }
},
{
  "model": "posts.follow",
  "pk": 5,
  "fields": {
    "user": 1,
    "author": 4
  }
},
{
  "model": "admin.logentry",
  "pk": 1,
  "fields": {
    "action_time": "2024-03-11T12:13:13.269Z",
    "user": 1,
    "content_type": 1,
    "object_id": "1",
    "object_repr": "Post object (1)",
    "action_flag": 1,
    "change_message": "[{\"added\": {}}]"
  }
},
{
  "model": "admin.logentry",
  "pk": 2,
  "fields": {
    "action_time": "2024-03-17T10:07:22.878Z",
    "user": 1,
    "content_type": 8,
    "object_id": "1",
    "object_repr": "Новости",
    "action_flag": 1,
    "change_message": "[{\"added\": {}}]"
  }
},
{
  "model": "admin.logentry",
  "pk": 3,
  "fields": {
    "action_time": "2024-03-17T10:10:55.258Z",
    "user": 1,
    "content_type": 8,
    "object_id": "1",
    "object_repr": "Новости",
    "action_flag": 2,
    "change_message": "[{\"changed\": {\"fields\": [\"\\u0427\\u0438\\u0442\\u0430\\u0435\\u043c\\u0430\\u044f \\u0441\\u0441\\u044b\\u043b\\u043a\\u0430\"]}}]"
  }
},
{
  "model": "admin.logentry",
  "pk": 4,
  "fields": {
    "action_time": "2024-03-17T10:11:45.735Z",
    "user": 1,
    "content_type": 1,
    "object_id": "1",
    "object_repr": "Запрет рекламы на ресурсах иностранных агентов",
    "action_flag": 2,
    "change_message": "[{\"changed\": {\"fields\": [\"Group\"]}}]"
  }
},
{
  "model": "admin.logentry",
  "pk": 5,
  "fields": {
    "action_time": "2024-03-17T10:14:07.071Z",
    "user": 1,
    "content_type": 8,
    "object_id": "1",
    "object_repr": "Новости",
    "action_flag": 2,
    "change_message": "[{\"changed\": {\"fields\": [\"\\u0427\\u0438\\u0442\\u0430\\u0435\\u043c\\u0430\\u044f \\u0441\\u0441\\u044b\\u043b\\u043a\\u0430\"]}}]"
  }
},
{
  "model": "admin.logentry",
  "pk": 6,
  "fields": {
    "action_time": "2024-03-17T13:22:03.724Z",
    "user": 1,
    "content_type": 8,
    "object_id": "1",
    "object_repr": "Новости",
    "action_flag": 2,
    "change_message": "[{\"changed\": {\"fields\": [\"\\u0427\\u0438\\u0442\\u0430\\u0435\\u043c\\u0430\\u044f \\u0441\\u0441\\u044b\\u043b\\u043a\\u0430\", \"\\u041e\\u043f\\u0438\\u0441\\u0430\\u043d\\u0438\\u0435\"]}}]"
  }
},
{
  "model": "admin.logentry",
  "pk": 7,
  "fields": {
    "action_time": "2024-03-17T13:26:22.428Z",
    "user": 1,
    "content_type": 8,
    "object_id": "2",
    "object_repr": "Цветы",
    "action_flag": 1,
    "change_message": "[{\"added\": {}}]"
  }
},
{
  "model": "admin.logentry",
  "pk": 8,
  "fields": {
    "action_time": "2024-03-17T13:35:56.669Z",
    "user": 1,
    "content_type": 1,
    "object_id": "2",
    "object_repr": "Ромашки",
    "action_flag": 1,
    "change_message": "[{\"added\": {}}]"
  }
},
{
  "model": "admin.logentry",
  "pk": 9,
  "fields": {
    "action_time": "2024-04-07T12:49:48.702Z",
    "user": 1,
    "content_type": 4,
    "object_id": "1",
    "object_repr": "Котики",
    "action_flag": 1,
    "change_message": "[{\"added\": {}}]"
  }
},
{
  "model": "admin.logentry",
  "pk": 10,
  "fields": {
    "action_time": "2024-04-07T12:50:13.710Z",
    "user": 1,
    "content_type": 4,
    "object_id": "1",
    "object_repr": "Котики",
    "action_flag": 3,
    "change_message": ""
  }
},
{
  "model": "admin.logentry",
  "pk": 11,
  "fields": {
    "action_time": "2024-04-07T12:50:57.417Z",
    "user": 1,
    "content_type": 8,
    "object_id": "3",
    "object_repr": "Котики",
    "action_flag": 1,
    "change_message": "[{\"added\": {}}]"
  }
},
{
  "model": "admin.logentry",
  "pk": 12,
  "fields": {
    "action_time": "2024-04-07T12:54:44.210Z",
    "user": 1,
    "content_type": 1,
    "object_id": "8",
    "object_repr": "Мейн-кун",
    "action_flag": 1,
    "change_message": "[{\"added\": {}}]"
  }
},
{
  "model": "admin.logentry",
  "pk": 13,
  "fields": {
    "action_time": "2024-04-07T12:56:48.930Z",
    "user": 1,
    "content_type": 1,
    "object_id": "9",
    "object_repr": "Шотландская вислоухая",
    "action_flag": 1,
    "change_message": "[{\"added\": {}}]"
  }
},
{
  "model": "admin.logentry",
  "pk": 14,
  "fields": {
    "action_time": "2024-04-07T12:58:36.725Z",
    "user": 1,
    "content_type": 1,
    "object_id": "10",
    "object_repr": "Британские короткошерстные",
    "action_flag": 1,
    "change_message": "[{\"added\": {}}]"
  }
},
{
  "model": "admin.logentry",
  "pk": 15,
  "fields": {
    "action_time": "2024-04-07T13:00:13.478Z",
    "user": 1,
    "content_type": 1,
    "object_id": "11",
    "object_repr": "Бенгальская кошка",
    "action_flag": 1,
    "change_message": "[{\"added\": {}}]"
  }
},
{
  "model": "admin.logentry",
  "pk": 16,
  "fields": {
    "action_time": "2024-04-07T13:01:36.743Z",
    "user": 1,
    "content_type": 1,
    "object_id": "12",
    "object_repr": "Сиамская кошка",
    "action_flag": 1,
    "change_message": "[{\"added\": {}}]"
  }
},
{
  "model": "admin.logentry",
  "pk": 17,
  "fields": {
    "action_time": "2024-04-07T13:03:29.772Z",
    "user": 1,
    "content_type": 1,
    "object_id": "13",
    "object_repr": "Абиссинская кошка",
    "action_flag": 1,
    "change_message": "[{\"added\": {}}]"
  }
},
{
  "model": "admin.logentry",
  "pk": 18,
  "fields": {
    "action_time": "2024-04-07T13:05:08.692Z",
    "user": 1,
    "content_type": 1,
    "object_id": "14",
    "object_repr": "Русская голубая",
    "action_flag": 1,
    "change_message": "[{\"added\": {}}]"
  }
},
{
  "model": "admin.logentry",
  "pk": 19,
  "fields": {
    "action_time": "2024-04-07T13:06:40.024Z",
    "user": 1,
    "content_type": 1,
    "object_id": "15",
    "object_repr": "Сибирская кошка",
    "action_flag": 1,
    "change_message": "[{\"added\": {}}]"
  }
},
{
  "model": "admin.logentry",
  "pk": 20,
  "fields": {
    "action_time": "2024-04-07T13:08:20.691Z",
    "user": 1,
    "content_type": 1,
    "object_id": "16",
    "object_repr": "Короткошерстный ориентал",
    "action_flag": 1,
    "change_message": "[{\"added\": {}}]"
  }
},
{
  "model": "admin.logentry",
  "pk": 21,
  "fields": {
    "action_time": "2024-04-07T13:09:46.533Z",
    "user": 1,
    "content_type": 1,
    "object_id": "17",
    "object_repr": "Невская маскарадная",
    "action_flag": 1,
    "change_message": "[{\"added\": {}}]"
  }
},
{
  "model": "admin.logentry",
  "pk": 22,
  "fields": {
    "action_time": "2024-04-07T13:11:21.324Z",
    "user": 1,
    "content_type": 1,
    "object_id": "18",
    "object_repr": "Саванна",
    "action_flag": 1,
    "change_message": "[{\"added\": {}}]"
  }
},
{
  "model": "auth.permission",
  "pk": 1,
  "fields": {
    "name": "Can add post",
    "content_type": 1,
    "codename": "add_post"
  }
},
{
  "model": "auth.permission",
  "pk": 2,
  "fields": {
    "name": "Can change post",
    "content_type": 1,
    "codename": "change_post"
  }
},
{
  "model": "auth.permission",
  "pk": 3,
  "fields": {
    "name": "Can delete post",
    "content_type": 1,
    "codename": "delete_post"
  }
},
{
  "model": "auth.permission",
  "pk": 4,
  "fields": {
    "name": "Can view post",
    "content_type": 1,
    "codename": "view_post"
  }
},
{
  "model": "auth.permission",
  "pk": 5,
  "fields": {
    "name": "Can add log entry",
    "content_type": 2,
    "codename": "add_logentry"
  }
},
{
  "model": "auth.permission",
  "pk": 6,
  "fields": {
    "name": "Can change log entry",
    "content_type": 2,
    "codename": "change_logentry"
  }
},
{
  "model": "auth.permission",
  "pk": 7,
  "fields": {
    "name": "Can delete log entry",
    "content_type": 2,
    "codename": "delete_logentry"
  }
},
{
  "model": "auth.permission",
  "pk": 8,
  "fields": {
    "name": "Can view log entry",
    "content_type": 2,
    "codename": "view_logentry"
  }
},
{
  "model": "auth.permission",
  "pk": 9,
  "fields": {
    "name": "Can add permission",
    "content_type": 3,
    "codename": "add_permission"
  }
},
{
  "model": "auth.permission",
  "pk": 10,
  "fields": {
    "name": "Can change permission",
    "content_type": 3,
    "codename": "change_permission"
  }
},
{
  "model": "auth.permission",
  "pk": 11,
  "fields": {
    "name": "Can delete permission",
    "content_type": 3,
    "codename": "delete_permission"
  }
},
{
  "model": "auth.permission",
  "pk": 12,
  "fields": {
    "name": "Can view permission",
    "content_type": 3,
    "codename": "view_permission"
  }
},
{
  "model": "auth.permission",
  "pk": 13,
  "fields": {
    "name": "Can add group",
    "content_type": 4,
    "codename": "add_group"
  }
},
{
  "model": "auth.permission",
  "pk": 14,
  "fields": {
    "name": "Can change group",
    "content_type": 4,
    "codename": "change_group"
  }
},
{
  "model": "auth.permission",
  "pk": 15,
  "fields": {
    "name": "Can delete group",
    "content_type": 4,
    "codename": "delete_group"
  }
},
{
  "model": "auth.permission",
  "pk": 16,
  "fields": {
    "name": "Can view group",
    "content_type": 4,
    "codename": "view_group"
  }
},
{
  "model": "auth.permission",
  "pk": 17,
  "fields": {
    "name": "Can add user",
    "content_type": 5,
    "codename": "add_user"
  }
},
{
  "model": "auth.permission",
  "pk": 18,
  "fields": {
    "name": "Can change user",
    "content_type": 5,
    "codename": "change_user"
  }
},
{
  "model": "auth.permission",
  "pk": 19,
  "fields": {
    "name": "Can delete user",
    "content_type": 5,
    "codename": "delete_user"
  }
},
{
  "model": "auth.permission",
  "pk": 20,
  "fields": {
    "name": "Can view user",
    "content_type": 5,
    "codename": "view_user"
  }
},
{
  "model": "auth.permission",
  "pk": 21,
  "fields": {
    "name": "Can add content type",
    "content_type": 6,
    "codename": "add_contenttype"
  }
},
{
  "model": "auth.permission",
  "pk": 22,
  "fields": {
    "name": "Can change content type",
    "content_type": 6,
    "codename": "change_contenttype"
  }
},
{
  "model": "auth.permission",
  "pk": 23,
  "fields": {
    "name": "Can delete content type",
    "content_type": 6,
    "codename": "delete_contenttype"
  }
},
{
  "model": "auth.permission",
  "pk": 24,
  "fields": {
    "name": "Can view content type",
    "content_type": 6,
    "codename": "view_contenttype"
  }
},
{
  "model": "auth.permission",
  "pk": 25,
  "fields": {
    "name": "Can add session",
    "content_type": 7,
    "codename": "add_session"
  }
},
{
  "model": "auth.permission",
  "pk": 26,
  "fields": {
    "name": "Can change session",
    "content_type": 7,
    "codename": "change_session"
  }
},
{
  "model": "auth.permission",
  "pk": 27,
  "fields": {
    "name": "Can delete session",
    "content_type": 7,
    "codename": "delete_session"
  }
},
{
  "model": "auth.permission",
  "pk": 28,
  "fields": {
    "name": "Can view session",
    "content_type": 7,
    "codename": "view_session"
  }
},
{
  "model": "auth.permission",
  "pk": 29,
  "fields": {
    "name": "Can add group",
    "content_type": 8,
    "codename": "add_group"
  }
},
{
  "model": "auth.permission",
  "pk": 30,
  "fields": {
    "name": "Can change group",
    "content_type": 8,
    "codename": "change_group"
  }
},
{
  "model": "auth.permission",
  "pk": 31,
  "fields": {
    "name": "Can delete group",
    "content_type": 8,
    "codename": "delete_group"
  }
},
{
  "model": "auth.permission",
  "pk": 32,
  "fields": {
    "name": "Can view group",
    "content_type": 8,
    "codename": "view_group"
  }
},
{
  "model": "auth.permission",
  "pk": 33,
  "fields": {
    "name": "Can add contact",
    "content_type": 9,
    "codename": "add_contact"
  }
},
{
  "model": "auth.permission",
  "pk": 34,
  "fields": {
    "name": "Can change contact",
    "content_type": 9,
    "codename": "change_contact"
  }
},
{
  "model": "auth.permission",
  "pk": 35,
  "fields": {
    "name": "Can delete contact",
    "content_type": 9,
    "codename": "delete_contact"
  }
},
{
  "model": "auth.permission",
  "pk": 36,
  "fields": {
    "name": "Can view contact",
    "content_type": 9,
    "codename": "view_contact"
  }
},
{
  "model": "auth.permission",
  "pk": 37,
  "fields": {
    "name": "Can add kv store",
    "content_type": 10,
    "codename": "add_kvstore"
  }
},
{
  "model": "auth.permission",
  "pk": 38,
  "fields": {
    "name": "Can change kv store",
    "content_type": 10,
    "codename": "change_kvstore"
  }
},
{
  "model": "auth.permission",
  "pk": 39,
  "fields": {
    "name": "Can delete kv store",
    "content_type": 10,
    "codename": "delete_kvstore"
  }
},
{
  "model": "auth.permission",
  "pk": 40,
  "fields": {
    "name": "Can view kv store",
    "content_type": 10,
    "codename": "view_kvstore"
  }
},
{
  "model": "auth.permission",
  "pk": 41,
  "fields": {
    "name": "Can add comment",
    "content_type": 11,
    "codename": "add_comment"
  }
},
{
  "model": "auth.permission",
  "pk": 42,
  "fields": {
    "name": "Can change comment",
    "content_type": 11,
    "codename": "change_comment"
  }
},
{
  "model": "auth.permission",
  "pk": 43,
  "fields": {
    "name": "Can delete comment",
    "content_type": 11,
    "codename": "delete_comment"
  }
},
{
  "model": "auth.permission",
  "pk": 44,
  "fields": {
    "name": "Can view comment",
    "content_type": 11,
    "codename": "view_comment"
  }
},
{
  "model": "auth.permission",
  "pk": 45,
  "fields": {
    "name": "Can add Подписка",
    "content_type": 12,
    "codename": "add_follow"
  }
},
{
  "model": "auth.permission",
  "pk": 46,
  "fields": {
    "name": "Can change Подписка",
    "content_type": 12,
    "codename": "change_follow"
  }
},
{
  "model": "auth.permission",
  "pk": 47,
  "fields": {
    "name": "Can delete Подписка",
    "content_type": 12,
    "codename": "delete_follow"
  }
},
{
  "model": "auth.permission",
  "pk": 48,
  "fields": {
    "name": "Can view Подписка",
    "content_type": 12,
    "codename": "view_follow"
  }
},
{
  "model": "auth.permission",
  "pk": 49,
  "fields": {
    "name": "Can add tag post",
    "content_type": 13,
    "codename": "add_tagpost"
  }
},
{
  "model": "auth.permission",
  "pk": 50,
  "fields": {
    "name": "Can change tag post",
    "content_type": 13,
    "codename": "change_tagpost"
  }
},
{
  "model": "auth.permission",
  "pk": 51,
  "fields": {
    "name": "Can delete tag post",
    "content_type": 13,
    "codename": "delete_tagpost"
  }
},
{
  "model": "auth.permission",
  "pk": 52,
  "fields": {
    "name": "Can view tag post",
    "content_type": 13,
    "codename": "view_tagpost"
  }
},
{
  "model": "auth.permission",
  "pk": 53,
  "fields": {
    "name": "Can add tag",
    "content_type": 14,
    "codename": "add_tag"
  }
},
{
  "model": "auth.permission",
  "pk": 54,
  "fields": {
    "name": "Can change tag",
    "content_type": 14,
    "codename": "change_tag"
  }
},
{
  "model": "auth.permission",
  "pk": 55,
  "fields": {
    "name": "Can delete tag",
    "content_type": 14,
    "codename": "delete_tag"
  }
},
{
  "model": "auth.permission",
  "pk": 56,
  "fields": {
    "name": "Can view tag",
    "content_type": 14,
    "codename": "view_tag"
  }
},
{
  "model": "auth.permission",
  "pk": 57,
  "fields": {
    "name": "Can add Token",
    "content_type": 15,
    "codename": "add_token"
  }
},
{
  "model": "auth.permission",
  "pk": 58,
  "fields": {
    "name": "Can change Token",
    "content_type": 15,
    "codename": "change_token"
  }
},
{
  "model": "auth.permission",
  "pk": 59,
  "fields": {
    "name": "Can delete Token",
    "content_type": 15,
    "codename": "delete_token"
  }
},
{
  "model": "auth.permission",
  "pk": 60,
  "fields": {
    "name": "Can view Token",
    "content_type": 15,
    "codename": "view_token"
  }
},
{
  "model": "auth.permission",
  "pk": 61,
  "fields": {
    "name": "Can add Token",
    "content_type": 16,
    "codename": "add_tokenproxy"
  }
},
{
  "model": "auth.permission",
  "pk": 62,
  "fields": {
    "name": "Can change Token",
    "content_type": 16,
    "codename": "change_tokenproxy"
  }
},
{
  "model": "auth.permission",
  "pk": 63,
  "fields": {
    "name": "Can delete Token",
    "content_type": 16,
    "codename": "delete_tokenproxy"
  }
},
{
  "model": "auth.permission",
  "pk": 64,
  "fields": {
    "name": "Can view Token",
    "content_type": 16,
    "codename": "view_tokenproxy"
  }
},
{
  "model": "auth.user",
  "pk": 1,
  "fields": {
    "password": "pbkdf2_sha256$720000$qOxd86e9vfoCWpX3UjfoGV$N9A/E2evBO2AofLpKlxrvFxz0YS9RDmyidCgqoc5YFQ=",
    "last_login": "2025-02-01T11:30:52.230Z",
    "is_superuser": true,
    "username": "admin",
    "first_name": "",
    "last_name": "",
    "email": "",
    "is_staff": true,
    "is_active": true,
    "date_joined": "2024-03-11T11:41:58.227Z",
    "groups": [],
    "user_permissions": []
  }
},
{
  "model": "auth.user",
  "pk": 2,
  "fields": {
    "password": "",
    "last_login": null,
    "is_superuser": false,
    "username": "Anyk",
    "first_name": "",
    "last_name": "",
    "email": "",
    "is_staff": false,
    "is_active": true,
    "date_joined": "2024-03-22T13:19:53.232Z",
    "groups": [],
    "user_permissions": []
  }
},
{
  "model": "auth.user",
  "pk": 3,
  "fields": {
    "password": "pbkdf2_sha256$720000$UmV68Yec3hgfhoXtEs68EI$VqTb1jWvuq9iTr8QqcvZ89fzFTpXwX9ae5BIBHW5mQ8=",
    "last_login": "2024-04-02T13:04:18.027Z",
    "is_superuser": false,
    "username": "Wizerty",
    "first_name": "Сергей",
    "last_name": "Не скажу",
    "email": "sns0710@ya.ru",
    "is_staff": false,
    "is_active": true,
    "date_joined": "2024-04-01T12:44:36.759Z",
    "groups": [],
    "user_permissions": []
  }
},
{
  "model": "auth.user",
  "pk": 4,
  "fields": {
    "password": "pbkdf2_sha256$720000$iCW4se54OizEnLM5vMkNTE$zsQBApE0BVj/FAm9AvuXnMEUKp4stHIGCODIoe8kHuQ=",
    "last_login": "2024-06-05T13:56:57.516Z",
    "is_superuser": false,
    "username": "snowhite",
    "first_name": "Белоснежка",
    "last_name": "Семигномовна",
    "email": "snowhite@gmail.com",
    "is_staff": false,
    "is_active": true,
    "date_joined": "2024-04-05T15:12:39.484Z",
    "groups": [],
    "user_permissions": []
  }
},
{
  "model": "auth.user",
  "pk": 5,
  "fields": {
    "password": "pbkdf2_sha256$720000$6cmFEL0J2nnbPYEv5PHZGV$y8O9gWGcrZJyo2w8N/KwU5vkkDNc3TIMCIwKvXasJUk=",
    "last_login": "2024-04-05T20:37:14.417Z",
    "is_superuser": false,
    "username": "Бармалей007",
    "first_name": "Фёдор",
    "last_name": "Батюшкин",
    "email": "dstoun1993@mail.ru",
    "is_staff": false,
    "is_active": true,
    "date_joined": "2024-04-05T20:36:39.445Z",
    "groups": [],
    "user_permissions": []
  }
},
{
  "model": "contenttypes.contenttype",
  "pk": 1,
  "fields": {
    "app_label": "posts",
    "model": "post"
  }
},
{
  "model": "contenttypes.contenttype",
  "pk": 2,
  "fields": {
    "app_label": "admin",
    "model": "logentry"
  }
},
{
  "model": "contenttypes.contenttype",
  "pk": 3,
  "fields": {
    "app_label": "auth",
    "model": "permission"
  }
},
{
  "model": "contenttypes.contenttype",
  "pk": 4,
  "fields": {
    "app_label": "auth",
    "model": "group"
  }
},
{
  "model": "contenttypes.contenttype",
  "pk": 5,
  "fields": {
    "app_label": "auth",
    "model": "user"
  }
},
{
  "model": "contenttypes.contenttype",
  "pk": 6,
  "fields": {
    "app_label": "contenttypes",
    "model": "contenttype"
  }
},
{
  "model": "contenttypes.contenttype",
  "pk": 7,
  "fields": {
    "app_label": "sessions",
    "model": "session"
  }
},
{
  "model": "contenttypes.contenttype",
  "pk": 8,
  "fields": {
    "app_label": "posts",
    "model": "group"
  }
},
{
  "model": "contenttypes.contenttype",
  "pk": 9,
  "fields": {
    "app_label": "posts",
    "model": "contact"
  }
},
{
  "model": "contenttypes.contenttype",
  "pk": 10,
  "fields": {
    "app_label": "thumbnail",
    "model": "kvstore"
  }
},
{
  "model": "contenttypes.contenttype",
  "pk": 11,
  "fields": {
    "app_label": "posts",
    "model": "comment"
  }
},
{
  "model": "contenttypes.contenttype",
  "pk": 12,
  "fields": {
    "app_label": "posts",
    "model": "follow"
  }
},
{
  "model": "contenttypes.contenttype",
  "pk": 13,
  "fields": {
    "app_label": "posts",
    "model": "tagpost"
  }
},
{
  "model": "contenttypes.contenttype",
  "pk": 14,
  "fields": {
    "app_label": "posts",
    "model": "tag"
  }
},
{
  "model": "contenttypes.contenttype",
  "pk": 15,
  "fields": {
    "app_label": "authtoken",
    "model": "token"
  }
},
{
  "model": "contenttypes.contenttype",
  "pk": 16,
  "fields": {
    "app_label": "authtoken",
    "model": "tokenproxy"
  }
},
{
  "model": "sessions.session",
  "pk": "75doro4ncq256l4zna0xwfa6hsy49ro5",
  "fields": {
    "session_data": ".eJxVjEEOwiAQRe_C2pBimUFcuvcMZGAGqRpISrsy3l2bdKHb_977LxVoXUpYu8xhYnVWRh1-t0jpIXUDfKd6azq1usxT1Juid9r1tbE8L7v7d1Col29tDTr2HgBNThkZIQ1oHLDQmEWsP7rETpidQYgnRE92dGTFULIDgXp_AN0yN-g:1rje5K:QqBkmkkXE0K6j82FRwmfCTbXfoCOloGpAVXAgYcA9II",
    "expire_date": "2024-03-25T11:44:50.962Z"
  }
},
{
  "model": "sessions.session",
  "pk": "b2lgk3wycbu3c7p6x401s8hxa4yo3ing",
  "fields": {
    "session_data": ".eJxVjEEOwiAQRe_C2pBimUFcuvcMZGAGqRpISrsy3l2bdKHb_977LxVoXUpYu8xhYnVWRh1-t0jpIXUDfKd6azq1usxT1Juid9r1tbE8L7v7d1Col29tDTr2HgBNThkZIQ1oHLDQmEWsP7rETpidQYgnRE92dGTFULIDgXp_AN0yN-g:1svfcL:A3TooI3_DNdF0cMj4LGEHy6PeDQ8LPrCQ3unK_b04HA",
    "expire_date": "2024-10-15T16:20:53.494Z"
  }
},
{
  "model": "sessions.session",
  "pk": "i9we7wnetxpfo7437hxx0tbrtkwbjzb1",
  "fields": {
    "session_data": ".eJxVjEEOwiAQRe_C2hDqlMFx6d4zkIEBqRpISrsy3l2bdKHb_977L-V5XYpfe5r9JOqsRnX43QLHR6obkDvXW9Ox1WWegt4UvdOur03S87K7fweFe_nWAxi2OTphdJgGS4Yc5BCJj8ZkslksCSFmGCGSs4AhWCQjyeEpgVHvD9lmN2Q:1sEr8L:lHLFgr_H9MKWlR62FraYw3l4zzS3HJpYMvG8KmqJGv0",
    "expire_date": "2024-06-19T13:56:57.541Z"
  }
},
{
  "model": "sessions.session",
  "pk": "jwbfahykvqz3l6omm1sx1kw3ksalvbxm",
  "fields": {
    "session_data": ".eJxVjEEOwiAQRe_C2pBimUFcuvcMZGAGqRpISrsy3l2bdKHb_977LxVoXUpYu8xhYnVWRh1-t0jpIXUDfKd6azq1usxT1Juid9r1tbE8L7v7d1Col29tDTr2HgBNThkZIQ1oHLDQmEWsP7rETpidQYgnRE92dGTFULIDgXp_AN0yN-g:1szaV5:XYR955Nbljwcxemn_AgNDKpdZAk5Ad-2lxAtdEwm1Y0",
    "expire_date": "2024-10-26T11:41:35.708Z"
  }
},
{
  "model": "sessions.session",
  "pk": "jyt0wuqatai4g97segn8c75vfislxlpo",
  "fields": {
    "session_data": ".eJxVjEEOwiAQRe_C2pBimUFcuvcMZGAGqRpISrsy3l2bdKHb_977LxVoXUpYu8xhYnVWRh1-t0jpIXUDfKd6azq1usxT1Juid9r1tbE8L7v7d1Col29tDTr2HgBNThkZIQ1oHLDQmEWsP7rETpidQYgnRE92dGTFULIDgXp_AN0yN-g:1teBi8:ENWkdTbhDhFd5f1SxwrIoe5ULlaY7oQa99itZr0pDII",
    "expire_date": "2025-02-15T11:30:52.262Z"
  }
},
{
  "model": "sessions.session",
  "pk": "oeityofaha1ceqlli3hzqtmz12fa95dc",
  "fields": {
    "session_data": ".eJxVjEEOwiAQRe_C2pBimUFcuvcMZGAGqRpISrsy3l2bdKHb_977LxVoXUpYu8xhYnVWRh1-t0jpIXUDfKd6azq1usxT1Juid9r1tbE8L7v7d1Col29tDTr2HgBNThkZIQ1oHLDQmEWsP7rETpidQYgnRE92dGTFULIDgXp_AN0yN-g:1ryuoQ:P8bBsHWE90Ja5SL2uo1A2K8wcW6OibH8Ht3iD8oG3ew",
    "expire_date": "2024-05-06T14:38:30.797Z"
  }
},
{
  "model": "sessions.session",
  "pk": "pvp118pr56ty731cp4cefcejf4bxkvqn",
  "fields": {
    "session_data": ".eJxVjEEOwiAQRe_C2pBimUFcuvcMZGAGqRpISrsy3l2bdKHb_977LxVoXUpYu8xhYnVWRh1-t0jpIXUDfKd6azq1usxT1Juid9r1tbE8L7v7d1Col29tDTr2HgBNThkZIQ1oHLDQmEWsP7rETpidQYgnRE92dGTFULIDgXp_AN0yN-g:1sncmh:EbHMEe37sUAeTOWSmXdREYIdgwwWNBvRXa8UpiIb60E",
    "expire_date": "2024-09-23T11:42:19.238Z"
  }
},
{
  "model": "thumbnail.kvstore",
  "pk": "sorl-thumbnail||image||1cd1d2bb883eb44df557ef007d5df39a",
  "fields": {
    "value": "{\"name\": \"posts/\\u0440\\u0435\\u0436\\u0438\\u043c_\\u0411\\u043e\\u0433\\u0430.jpg\", \"storage\": \"django.core.files.storage.filesystem.FileSystemStorage\", \"size\": [1280, 527]}"
  }
},
{
  "model": "thumbnail.kvstore",
  "pk": "sorl-thumbnail||image||2339cc29d04b45d0988ed2eb07deeeda",
  "fields": {
    "value": "{\"name\": \"posts/\\u041c\\u0430\\u0440\\u0438\\u044f_\\u041a\\u0430\\u043b\\u0438\\u043d\\u0438\\u043d\\u0430_\\u0432_\\u0446\\u0435\\u043d\\u0442\\u0440\\u0435_-_\\u043f\\u043e\\u0431\\u0435\\u0434\\u0438\\u0442\\u0435\\u043b\\u044c\\u043d\\u0438\\u0446\\u0430_\\u043f\\u0435\\u0440\\u0432\\u043e\\u0433\\u043e_\\u043a\\u043e\\u043d\\u043a\\u0443\\u0440\\u0441\\u0430_\\u043a\\u0440\\u0430\\u0441\\u043e\\u0442\\u044b_1988_\\u0433\\u043e\\u0434\\u0430.jpg\", \"storage\": \"django.core.files.storage.filesystem.FileSystemStorage\", \"size\": [1336, 900]}"
  }
},
{
  "model": "thumbnail.kvstore",
  "pk": "sorl-thumbnail||image||4099ffb58ea7f4f59ee833a3f6ccb8e9",
  "fields": {
    "value": "{\"name\": \"cache/1c/33/1c3349e2b65a1bf658363fe5e4f1ccd2.jpg\", \"storage\": \"django.core.files.storage.filesystem.FileSystemStorage\", \"size\": [960, 339]}"
  }
},
{
  "model": "thumbnail.kvstore",
  "pk": "sorl-thumbnail||image||41c823058b37c8941f905dcd91adf628",
  "fields": {
    "value": "{\"name\": \"cache/4c/2c/4c2c47911f5162c3c4ae2e9f3484b41f.jpg\", \"storage\": \"django.core.files.storage.filesystem.FileSystemStorage\", \"size\": [960, 339]}"
  }
},
{
  "model": "thumbnail.kvstore",
  "pk": "sorl-thumbnail||image||6cbcacaf669ad5d0a9a0646dfa3cc1ee",
  "fields": {
    "value": "{\"name\": \"cache/8c/0c/8c0c190d9b17bdabb387e248de3a3382.jpg\", \"storage\": \"django.core.files.storage.filesystem.FileSystemStorage\", \"size\": [960, 339]}"
  }
},
{
  "model": "thumbnail.kvstore",
  "pk": "sorl-thumbnail||image||85337e262295ef3266c01a1c58c5c585",
  "fields": {
    "value": "{\"name\": \"posts/Fig.png\", \"storage\": \"django.core.files.storage.filesystem.FileSystemStorage\", \"size\": [770, 466]}"
  }
},
{
  "model": "thumbnail.kvstore",
  "pk": "sorl-thumbnail||image||8d976b69f12d7c938efe2667f821f76c",
  "fields": {
    "value": "{\"name\": \"cache/14/f9/14f94960f4673c264e8ba545a8aee26b.jpg\", \"storage\": \"django.core.files.storage.filesystem.FileSystemStorage\", \"size\": [960, 339]}"
  }
},
{
  "model": "thumbnail.kvstore",
  "pk": "sorl-thumbnail||image||9690eab31480d3b4579cce2fe93463a2",
  "fields": {
    "value": "{\"name\": \"posts/\\u043c\\u0438\\u0441\\u0441_\\u0441\\u0441\\u0441\\u0440.jpg\", \"storage\": \"django.core.files.storage.filesystem.FileSystemStorage\", \"size\": [640, 1129]}"
  }
},
{
  "model": "thumbnail.kvstore",
  "pk": "sorl-thumbnail||image||a7e2e4bebe7f228372b11d0bafde5871",
  "fields": {
    "value": "{\"name\": \"posts/ChatGPT.png\", \"storage\": \"django.core.files.storage.filesystem.FileSystemStorage\", \"size\": [764, 697]}"
  }
},
{
  "model": "thumbnail.kvstore",
  "pk": "sorl-thumbnail||image||a81f4c7485059c5f8f222a0d104dac5d",
  "fields": {
    "value": "{\"name\": \"cache/4f/1b/4f1b95ba757c01aa3f9d9ee4290de3d4.jpg\", \"storage\": \"django.core.files.storage.filesystem.FileSystemStorage\", \"size\": [960, 339]}"
  }
},
{
  "model": "thumbnail.kvstore",
  "pk": "sorl-thumbnail||image||aacc38650a3e4cf913508512f92b874b",
  "fields": {
    "value": "{\"name\": \"posts/Copilot.png\", \"storage\": \"django.core.files.storage.filesystem.FileSystemStorage\", \"size\": [771, 436]}"
  }
},
{
  "model": "thumbnail.kvstore",
  "pk": "sorl-thumbnail||image||b982c02aec6fa8476ad9462a5e2b1279",
  "fields": {
    "value": "{\"name\": \"cache/7b/90/7b904dfd39a12ab4e73b70514227727a.jpg\", \"storage\": \"django.core.files.storage.filesystem.FileSystemStorage\", \"size\": [960, 339]}"
  }
},
{
  "model": "thumbnail.kvstore",
  "pk": "sorl-thumbnail||image||bacf12f85ce54b0a924c6c3fe57e2564",
  "fields": {
    "value": "{\"name\": \"cache/32/b8/32b8e996cc719b8663738b7968c0c28c.jpg\", \"storage\": \"django.core.files.storage.filesystem.FileSystemStorage\", \"size\": [960, 339]}"
  }
},
{
  "model": "thumbnail.kvstore",
  "pk": "sorl-thumbnail||image||bc5d03e2d92d11ed8a2b9f94315de70b",
  "fields": {
    "value": "{\"name\": \"posts/Tabnine.png\", \"storage\": \"django.core.files.storage.filesystem.FileSystemStorage\", \"size\": [770, 435]}"
  }
},
{
  "model": "thumbnail.kvstore",
  "pk": "sorl-thumbnail||image||e25c389e35f9ba55af3b08e7fc01131f",
  "fields": {
    "value": "{\"name\": \"posts/Documatic.png\", \"storage\": \"django.core.files.storage.filesystem.FileSystemStorage\", \"size\": [761, 489]}"
  }
},
{
  "model": "thumbnail.kvstore",
  "pk": "sorl-thumbnail||image||e80d5a67334a212e5c3413424872d9b7",
  "fields": {
    "value": "{\"name\": \"cache/67/b4/67b4f3a698617e4023acb56cbf3701f6.jpg\", \"storage\": \"django.core.files.storage.filesystem.FileSystemStorage\", \"size\": [960, 339]}"
  }
},
{
  "model": "thumbnail.kvstore",
  "pk": "sorl-thumbnail||thumbnails||1cd1d2bb883eb44df557ef007d5df39a",
  "fields": {
    "value": "[\"41c823058b37c8941f905dcd91adf628\"]"
  }
},
{
  "model": "thumbnail.kvstore",
  "pk": "sorl-thumbnail||thumbnails||2339cc29d04b45d0988ed2eb07deeeda",
  "fields": {
    "value": "[\"4099ffb58ea7f4f59ee833a3f6ccb8e9\"]"
  }
},
{
  "model": "thumbnail.kvstore",
  "pk": "sorl-thumbnail||thumbnails||85337e262295ef3266c01a1c58c5c585",
  "fields": {
    "value": "[\"6cbcacaf669ad5d0a9a0646dfa3cc1ee\"]"
  }
},
{
  "model": "thumbnail.kvstore",
  "pk": "sorl-thumbnail||thumbnails||9690eab31480d3b4579cce2fe93463a2",
  "fields": {
    "value": "[\"b982c02aec6fa8476ad9462a5e2b1279\"]"
  }
},
{
  "model": "thumbnail.kvstore",
  "pk": "sorl-thumbnail||thumbnails||a7e2e4bebe7f228372b11d0bafde5871",
  "fields": {
    "value": "[\"a81f4c7485059c5f8f222a0d104dac5d\"]"
  }
},
{
  "model": "thumbnail.kvstore",
  "pk": "sorl-thumbnail||thumbnails||aacc38650a3e4cf913508512f92b874b",
  "fields": {
    "value": "[\"bacf12f85ce54b0a924c6c3fe57e2564\"]"
  }
},
{
  "model": "thumbnail.kvstore",
  "pk": "sorl-thumbnail||thumbnails||bc5d03e2d92d11ed8a2b9f94315de70b",
  "fields": {
    "value": "[\"8d976b69f12d7c938efe2667f821f76c\"]"
  }
},
{
  "model": "thumbnail.kvstore",
  "pk": "sorl-thumbnail||thumbnails||e25c389e35f9ba55af3b08e7fc01131f",
  "fields": {
    "value": "[\"e80d5a67334a212e5c3413424872d9b7\"]"
  }
}
]
